curso;EVENTO;PROGRAMA;CATEGORIA;FORMATO;Data de Inclusão do Curso;CARGA-HORÁRIA;MODALIDADE;SITUAÇÃO;VALOR CONTRATADO
10001/2024;Cloud Computing Fundamentals;PDS;TÉCNICA;INTERNO;07/07/2024;40;EAD;Realizado;2.150,75
10002/2024;Cybersecurity Advanced;PDS;TÉCNICA;EXTERNO;27/06/2024;32;PRESENCIAL;Realizado;3.450,50
10003/2024;Machine Learning Essentials;PDS;TÉCNICA;INTERNO;16/10/2024;36;EAD;Realizado;2.875,25
10004/2024;Português Avançado para Profissionais;PDL;PESSOAL;INTERNO;20/02/2024;30;PRESENCIAL;Realizado;1.620,00
10005/2024;Redação Administrativa;PDL;PESSOAL;INTERNO;20/05/2024;28;EAD;Não-Executado;1.350,90
10006/2024;Strategic Leadership;PDL;GERENCIAL;INTERNO;04/01/2024;30;PRESENCIAL;Realizado;3.280,40
10007/2024;Executive Decision Making;PDL;GERENCIAL;EXTERNO;05/06/2024;32;PRESENCIAL;Realizado;4.500,75
10008/2024;Change Management for Leaders;PDL;GERENCIAL;INTERNO;14/07/2024;28;EAD;;2.320,50
10009/2024;Gestão Administrativa;PDL;GERENCIAL;EXTERNO;28/04/2024;32;PRESENCIAL;Realizado;3.890,25
10010/2024;Liderança Situacional;PDL;GERENCIAL;INTERNO;18/01/2024;30;EAD;Realizado;2.540,80
10011/2024;Data Science for Business;PDS;TÉCNICA;EXTERNO;67;40;;;4.750,30
10012/2024;Team Building and Collaboration;PDL;TRANSVERSAL;INTERNO;12/02/2024;24;PRESENCIAL;Realizado;1.850,60
10013/2024;Emotional Intelligence for Executives;PDL;GERENCIAL;y;27/08/2024;28;EAD;Realizado;2.180,40
10014/2024;Network Security;;TÉCNICA;EXTERNO;27/01/2024;35;PRESENCIAL;Realizado;3.920,50
10015/2024;Coordenação de Equipes;PDL;GERENCIAL;INTERNO;02/12/2024;30;PRESENCIAL;Realizado;2.810,75
10016/2024;Database Administration;PDS;TÉCNICA;INTERNO;19/08/2024;32;EAD;Realizado;2.640,25
10017/2024;Financial Management for IT;PDL;GERENCIAL;EXTERNO;06/12/2024;30;PRESENCIAL;Realizado;4.125,90
10018/2024;Microservices Architecture;PDS;TÉCNICA;EXTERNO;10/07/2024;36;PRESENCIAL;Realizado;3.780,40
10019/2024;Comunicação Escrita Efetiva;PDL;PESSOAL;INTERNO;21/08/2024;26;PRESENCIAL;Realizado;1.520,50
10020/2024;Administração de Recursos Humanos;PDL;GERENCIAL;INTERNO;02/05/2024;32;EAD;Realizado;3.150,80
10021/2024;Container Technology with Docker;PDS;TÉCNICA;INTERNO;12/06/2024;36;EAD;Realizado;2.480,30
10022/2024;CIO Strategic Planning;PDL;GERENCIAL;EXTERNO;20/02/2024;40;PRESENCIAL;Realizado;5.200,75
10023/2024;Kubernetes Administration;PDS;TÉCNICA;EXTERNO;27/03/2024;40;PRESENCIAL;Realizado;4.320,50
10024/2024;Gestão de Processos;PDL;GERENCIAL;INTERNO;08/08/2024;35;EAD;Realizado;2.890,25
10025/2024;Enterprise Architecture;PDL;GERENCIAL;INTERNO;05/03/2024;38;PRESENCIAL;Realizado;4.560,40
10026/2024;Python Programming;PDS;TÉCNICA;EXTERNO;13/01/2024;40;EAD;Não-Executado;2.720,90
10027/2024;Desenvolvimento de Líderes;PDL;GERENCIAL;INTERNO;02/07/2024;32;PRESENCIAL;Realizado;3.840,60
10028/2024;Português Técnico;PDL;PESSOAL;EXTERNO;09/03/2024;28;EAD;Realizado;1.410,75
10029/2024;Java Development;PDS;TÉCNICA;INTERNO;01/03/2024;35;EAD;Realizado;2.550,45
10030/2024;Supervisão e Liderança;PDL;GERENCIAL;EXTERNO;26/12/2024;36;PRESENCIAL;Realizado;4.280,30
10031/2025;Full Stack Development;PDS;TÉCNICA;INTERNO;18/01/2025;40;EAD;Realizado;2.650,75
10032/2025;Transformational Leadership;PDL;GERENCIAL;EXTERNO;08/02/2025;38;PRESENCIAL;Realizado;4.920,50
10033/2025;Web Development with React;PDS;TÉCNICA;EXTERNO;27/04/2025;40;PRESENCIAL;Realizado;3.680,25
10034/2025;Ortografia e Gramática para Escritório;PDL;PESSOAL;INTERNO;06/11/2025;24;EAD;Realizado;1.350,80
10035/2025;Mobile App Development;PDS;TÉCNICA;INTERNO;13/01/2025;36;EAD;Não-Executado;2.840,40
10036/2025;Gestão de Conflitos no Ambiente Corporativo;PDL;GERENCIAL;INTERNO;14/03/2025;30;PRESENCIAL;Realizado;3.210,60
10037/2025;API Development and Design;PDS;TÉCNICA;EXTERNO;04/12/2025;32;EAD;Realizado;2.420,50
10038/2025;Planejamento Estratégico para Líderes;PDL;GERENCIAL;EXTERNO;20/03/2025;35;PRESENCIAL;Realizado;4.350,75
10039/2025;Governance and Compliance;PDL;TRANSVERSAL;INTERNO;24/11/2025;30;EAD;Realizado;2.680,25
10040/2025;Database Design and Optimization;PDS;TÉCNICA;INTERNO;14/04/2025;36;PRESENCIAL;Realizado;3.120,90
10041/2025;Motivação e Engajamento de Equipes;PDL;GERENCIAL;INTERNO;26/03/2025;32;EAD;Realizado;2.940,40
10042/2025;Digital Transformation;PDS;TÉCNICA;EXTERNO;17/07/2025;38;PRESENCIAL;Realizado;4.680,30
10043/2025;IoT Solutions;PDS;TÉCNICA;INTERNO;26/01/2025;32;EAD;Não-Executado;2.390,75
10044/2025;5G Technology;PDS;TÉCNICA;EXTERNO;17/04/2025;40;PRESENCIAL;Realizado;5.120,50
10045/2025;Software Development Lifecycle;PDS;TÉCNICA;INTERNO;14/12/2025;35;EAD;Realizado;2.750,25
10046/2025;Agile Methodology;PDS;TÉCNICA;EXTERNO;04/08/2025;30;PRESENCIAL;Realizado;3.280,60
10047/2025;Scrum Master Certification;PDS;TÉCNICA;INTERNO;24/10/2025;32;EAD;Realizado;2.620,80
10048/2025;Project Management Fundamentals;PDS;GERENCIAL;EXTERNO;12/12/2025;36;PRESENCIAL;Realizado;4.150,45
10049/2025;IT Service Management;PDS;TÉCNICA;INTERNO;08/03/2025;32;EAD;Não-Executado;2.480,90
10050/2026;Data Warehousing;PDS;TÉCNICA;EXTERNO;04/02/2026;40;PRESENCIAL;Realizado;3.950,75
